"id","blog_content_id","no","name","content","detail","blog_category_id","user_id","status","posts_date","content_draft","detail_draft","publish_begin","publish_end","exclude_search","eye_catch","created","modified"
"1","1","1","photo 001","","<p>ここにテキストが入ります。ここにテキストが入ります。ここにテキストが入ります。</p>","","1","1","2021-12-01 00:00:00","","","","","","2021/12/00000001_eye_catch.jpg","2021-12-11 00:00:00","2021-12-11 00:00:00"
"2","1","2","photo 002","","<p>ここにテキストが入ります。ここにテキストが入ります。ここにテキストが入ります。</p>","","1","1","2021-12-02 00:00:00","","","","","","2021/12/00000002_eye_catch.jpg","2021-12-11 00:00:00","2021-12-11 00:00:00"
"3","1","3","photo 003","","<p>ここにテキストが入ります。ここにテキストが入ります。ここにテキストが入ります。</p>","","1","1","2021-12-03 00:00:00","","","","","","2021/12/00000003_eye_catch.jpg","2021-12-11 00:00:00","2021-12-11 00:00:00"
"4","1","4","photo 004","","<p>ここにテキストが入ります。ここにテキストが入ります。ここにテキストが入ります。</p>","","1","1","2021-12-04 00:00:00","","","","","","2021/12/00000004_eye_catch.jpg","2021-12-11 00:00:00","2021-12-11 00:00:00"
"5","1","5","photo 005","","<p>ここにテキストが入ります。ここにテキストが入ります。ここにテキストが入ります。</p>","","1","1","2021-12-05 00:00:00","","","","","","2021/12/00000005_eye_catch.jpg","2021-12-11 00:00:00","2021-12-11 00:00:00"
"6","1","6","photo 006","","<p>ここにテキストが入ります。ここにテキストが入ります。ここにテキストが入ります。</p>","","1","1","2021-12-06 00:00:00","","","","","","2021/12/00000006_eye_catch.jpg","2021-12-11 00:00:00","2021-12-11 00:00:00"
"7","1","7","photo 007","","<p>ここにテキストが入ります。ここにテキストが入ります。ここにテキストが入ります。</p>","","1","1","2021-12-07 00:00:00","","","","","","2021/12/00000007_eye_catch.jpg","2021-12-11 00:00:00","2021-12-11 00:00:00"
"8","1","8","photo 008","","<p>ここにテキストが入ります。ここにテキストが入ります。ここにテキストが入ります。</p>","","1","1","2021-12-08 00:00:00","","","","","","2021/12/00000008_eye_catch.jpg","2021-12-11 00:00:00","2021-12-11 00:00:00"
"9","1","9","photo 009","","<p>ここにテキストが入ります。ここにテキストが入ります。ここにテキストが入ります。</p>","","1","1","2021-12-09 00:00:00","","","","","","2021/12/00000009_eye_catch.jpg","2021-12-11 00:00:00","2021-12-11 00:00:00"
"10","1","10","photo 010","","<p>ここにテキストが入ります。ここにテキストが入ります。ここにテキストが入ります。</p>","","1","1","2021-12-10 00:00:00","","","","","","2021/12/00000010_eye_catch.jpg","2021-12-11 00:00:00","2021-12-11 00:00:00"
"11","1","11","photo 011","","<p>ここにテキストが入ります。ここにテキストが入ります。ここにテキストが入ります。</p>","","1","1","2021-12-11 00:00:00","","","","","","2021/12/00000011_eye_catch.jpg","2021-12-11 00:00:00","2021-12-11 00:00:00"
"12","1","12","photo 012","","<p>ここにテキストが入ります。ここにテキストが入ります。ここにテキストが入ります。</p>","","1","1","2021-12-12 00:00:00","","","","","","2021/12/00000012_eye_catch.jpg","2021-12-11 00:00:00","2021-12-11 00:00:00"
"13","1","13","photo 013","","<p>ここにテキストが入ります。ここにテキストが入ります。ここにテキストが入ります。</p>","","1","1","2021-12-13 00:00:00","","","","","","2021/12/00000013_eye_catch.jpg","2021-12-11 00:00:00","2021-12-11 00:00:00"
"14","1","14","photo 014","","<p>ここにテキストが入ります。ここにテキストが入ります。ここにテキストが入ります。</p>","","1","1","2021-12-14 00:00:00","","","","","","2021/12/00000014_eye_catch.jpg","2021-12-11 00:00:00","2021-12-11 00:00:00"
"15","1","15","photo 015","","<p>ここにテキストが入ります。ここにテキストが入ります。ここにテキストが入ります。</p>","","1","1","2021-12-15 00:00:00","","","","","","2021/12/00000015_eye_catch.jpg","2021-12-11 00:00:00","2021-12-11 00:00:00"
"16","1","16","photo 016","","<p>ここにテキストが入ります。ここにテキストが入ります。ここにテキストが入ります。</p>","","1","1","2021-12-16 00:00:00","","","","","","2021/12/00000016_eye_catch.jpg","2021-12-11 00:00:00","2021-12-11 00:00:00"
"17","1","17","photo 017","","<p>ここにテキストが入ります。ここにテキストが入ります。ここにテキストが入ります。</p>","","1","1","2021-12-17 00:00:00","","","","","","2021/12/00000017_eye_catch.jpg","2021-12-11 00:00:00","2021-12-11 00:00:00"
"18","1","18","photo 018","","<p>ここにテキストが入ります。ここにテキストが入ります。ここにテキストが入ります。</p>","","1","1","2021-12-18 00:00:00","","","","","","2021/12/00000018_eye_catch.jpg","2021-12-11 00:00:00","2021-12-11 00:00:00"
